S,E,I,R,t
99999.0,1.0,0.0,0.0,0.0
99998.96857395314,0.8481111743873804,0.1704877843017036,0.012827088200563237,1.0
99998.88569832394,0.7701576634402989,0.29748977411466043,0.0466542385581631,2.0
99998.76339033645,0.7419353810641215,0.3980978296187793,0.09657645291741206,3.0
99998.60879134391,0.748015978811452,0.483513765681944,0.159678911625949,4.0
99998.42583348227,0.7786565288301863,0.5611532918387402,0.23435669708056478,5.0
99998.21630954609,0.8278064310764682,0.6360059159745253,0.3198781068724393,6.0
99997.98055708033,0.8918226971690445,0.7115147895882178,0.4161054329289987,7.0
99997.71789267726,0.9686429011719654,0.7901467223215876,0.5233176992591333,8.0
99997.42688428125,1.0572538252625001,0.8737623735314315,0.6420995199664089,9.0
99997.10551813185,1.1573512221517561,0.9638576831331648,0.7732729628874235,10.0
99996.7512967697,1.269123308901239,1.061722369664584,0.9178575517513943,11.0
99996.36129157248,1.3931144451965136,1.1685451537254965,1.0770488286143842,12.0
99995.93216489989,1.530140866424809,1.2854849117656062,1.252209321940968,13.0
99995.46017140521,1.6812404788201794,1.4137200963461602,1.4448680196360615,14.0
99994.94114463934,1.847645006262353,1.5544845074562383,1.6567258469594832,15.0
99994.37047273802,2.0307670363769272,1.709094623245269,1.8896656023622016,16.0
99993.74306550891,2.232197184002521,1.8789719008119121,2.1457654062735516,17.0
99993.05331426192,2.453708330116856,2.065662293085772,2.4273151148706043,18.0
99992.29504507755,2.697265032479308,2.2708544739183885,2.7368354160520187,19.0
99991.46146577176,2.96503694217468,2.4963977832820974,3.0770995027972794,20.0
99990.54510657614,3.2594154948144216,2.744320611840088,3.451157317207498,21.0
99989.53775419999,3.5830335740075037,3.0168497234599707,3.862362502556617,22.0
99988.43037890783,3.938787924217111,3.3164309538034664,4.314402214165319,23.0
99987.21305418189,4.329864286583887,3.645751564983897,4.811329966561865,24.0
99985.874868128,4.7597654027746445,4.007764606721236,5.357601862534573,25.0
99984.40382610996,5.232341964312573,4.405715509263864,5.958116416487528,26.0
99982.78674362651,5.751826776306106,4.843171219497939,6.618258377717396,27.0
99981.00912841747,6.322872422774465,5.324052188849647,7.343946970939387,28.0
99979.05505182891,6.950592398925839,5.852667228023885,8.141688544187375,29.0
99976.9070051825,7.640607065920978,6.433752379467078,9.018635372162738,30.0
99974.54574475935,8.39909323348886,7.07251286917069,9.9826491380214,31.0
99971.95011994426,9.232839135756661,7.7746695840786,11.042371335936052,32.0
99969.09688447742,10.14930480255969,8.546510098604573,12.207300621467695,33.0
99965.96048953115,11.156688195779465,9.394944628503776,13.487877644601436,34.0
99962.51285628197,12.263997881767263,10.32756750594752,14.89557833035432,35.0
99958.72312619572,13.48113278886829,11.35272466549226,16.443016349952593,36.0
99954.55738694209,14.818969686389432,12.479587719053445,18.14405565250458,37.0
99949.97837094832,16.289459324987657,13.718235421198086,20.01393430553194,38.0
99944.94512527129,17.905731673858117,15.079742852245843,22.069400202642306,39.0
99939.41264876832,19.682211479960692,16.57627942851292,24.32886032324464,40.0
99933.33149394696,21.634744941475986,18.22121646138265,26.81254465023344,41.0
99926.6473301537,23.78073855068746,20.029245135795538,29.54268615986515,42.0
99919.30046436426,26.13931129879325,22.016505866460456,32.543718470536405,43.0
99911.22531553556,28.731461377317387,24.200730214177245,35.84249287300886,44.0
99902.34983828037,31.580248684376333,26.601396476633045,39.468516558691746,45.0
99892.59489099783,34.71099468142238,29.23990018117768,43.454214139626714,46.0
99881.87354319602,38.15150117772615,32.13974088335424,47.83521474296988,47.0
99870.09031692795,41.93228934128613,35.32672683878498,52.650666892050715,48.0
99857.14035563754,46.08686118292863,38.829199062641834,57.94358411695663,49.0
99842.90851416388,50.65198525068067,42.67827652796184,63.76122405756135,50.0
99827.26836296057,55.66800834143549,46.90812452894926,70.15550416911616,51.0
99810.08109868513,61.179195757345255,51.55624799984164,77.18345755774982,52.0
99791.19435315908,67.2341021790532,56.66381206195475,84.90773259999025,53.0
99770.44089148375,73.88597556788342,62.2759923408136,93.39714060762644,54.0
99747.63719092098,81.19319664631217,68.44235696023664,102.72725547254345,55.0
99722.58188930845,89.21975661486603,75.21728344377092,112.98107063299538,56.0
99695.0540933851,98.03577562546835,82.66041292951711,124.24971805999277,57.0
99664.81153534459,107.7180649984666,90.83714460986269,136.633255047158,58.0
99631.58856611195,118.35073560308295,99.81917360095755,150.2415246840866,59.0
99595.09397221482,130.025855494051,109.68507538778066,165.19509690343554,60.0
99555.00860939447,142.84415809174294,120.52093863191415,181.62629388195552,61.0
99510.98282500141,156.9158062793233,132.42105357203764,199.68031514731516,62.0
99462.63367649923,172.36121035551045,145.48865382619982,219.51645931913765,63.0
99409.54191649541,189.31190517404264,159.83671893228785,241.30945939833953,64.0
99351.24874286138,207.9114850819203,175.58883732496273,265.2509347318062,65.0
99287.25229255644,228.31659762354153,192.88013658142003,291.55097323866596,66.0
99217.00387524285,250.69799535852695,211.85827964306503,320.43984975563603,67.0
99139.90393404226,275.24164435076,232.68452948631415,352.1698921207449,68.0
99055.29772733996,302.14988503431255,255.534883100018,387.0175045258004,69.0
98962.47072815939,331.64263776518504,280.6012767247448,425.2853573507668,70.0
98860.64374010646,363.9586455165157,308.0928603586498,467.3047540184558,71.0
98748.96773681905,399.3567456956369,338.23733214712655,513.4381853382645,72.0
98626.51843058072,438.11715340164614,371.28233740011746,564.0820786175822,73.0
98492.29060253892,480.54272755603506,407.4969204787578,619.6697494263534,74.0
98345.19220910998,526.9602123256003,447.1730131603912,680.674565404106,75.0
98184.03831782432,577.7214054215312,490.62695275006786,747.613324004152,76.0
98007.54492616381,633.204219339035,538.2010071519875,821.0498473452218,77.0
97814.32273389805,693.8135935380321,590.2648773510116,901.598795212966,78.0
97602.87097094195,759.9821866958558,647.2171539843566,989.9296883779022,79.0
97371.57139623936,832.1707873237754,709.4866820785101,1086.7711343584097,80.0
97118.68261437536,910.8683608990248,777.5337851786181,1192.9152395470653,81.0
96842.33489573817,996.5916266907469,851.8512957088826,1309.2221818622552,82.0
96540.52571200376,1089.8840608679395,932.965314220568,1436.6249129077898,83.0
96211.11624702816,1191.3141924564152,1021.435615771495,1576.1339447439898,84.0
95851.82919475906,1301.4730374862272,1117.8556059670714,1728.8421617876947,85.0
95460.2481627875,1420.9705284666707,1222.8517157014157,1895.9295930444575,86.0
95033.81914829912,1550.4307227523427,1337.0820871375608,2078.668041811018,87.0
94569.85447836947,1690.485625149379,1461.2344225573127,2278.425473923889,88.0
94065.5397529296,1841.7674056675996,1596.0228132400073,2496.6700281628396,89.0
93517.94434275267,2004.8987972827194,1742.1833706245336,2734.97348934011,90.0
92924.03603520004,2180.481464433691,1900.4684609010594,2995.014039465262,91.0
92280.70044771576,2369.0821500803804,2071.639328447535,3278.578073756385,92.0
91584.76585029037,2571.216428436139,2256.456890169125,3587.56083110443,93.0
90833.0339380268,2787.329949814237,2455.6705158176565,3923.965596341366,94.0
90022.31736132802,3017.777084094269,2670.0044919812326,4289.901062596537,95.0
89149.48410844977,3262.7970754085027,2900.1421392220855,4687.576676919698,96.0
88211.50937471086,3522.487794289679,3146.7073381069645,5119.295492892549,97.0
87205.53489321345,3796.777452954918,3410.2434412488838,5587.444212582806,98.0
86128.93565297544,4085.3948197048703,3691.1895212077106,6094.480006112031,99.0
84979.39349081994,4387.838560947348,3989.8541720412836,6642.913776191483,100.0
83754.97665735574,4703.346748536626,4306.3870852340015,7235.289508873685,101.0
82454.22397564718,5030.867772093094,4640.748826353202,7874.159425906563,102.0
81076.23157029443,5369.034227015593,4992.679447328842,8562.054755361187,103.0
79620.73993566871,5716.141247689142,5361.666862403481,9301.451954238726,104.0
78088.21812812114,6070.131434512827,5746.915979224906,10094.734458141185,105.0
76479.94154730588,6428.588414093625,6147.319877469315,10944.150161131243,106.0
74798.05931462932,6788.741029312481,6561.43460295473,11851.76505310351,107.0
73045.64734955262,7147.479751721485,6987.459356118654,12819.41354260731,108.0
71226.74259830463,7501.387318802633,7423.22362571118,13848.646457181627,109.0
69346.35446243032,7846.78459004704,7866.183100391888,14940.677847130812,110.0
67410.45018421998,8179.791658571576,8313.426232834772,16096.331924373728,111.0
65425.9119938834,8496.403360258835,8761.692893791007,17315.991752066817,112.0
63400.46351402928,8792.579481785531,9207.405432969026,18599.551571216216,113.0
61342.56737175487,9064.344010927583,9646.714183575486,19946.374433742116,114.0
59261.294113479045,9307.892940327692,10075.555527367665,21355.257418825655,115.0
57166.16722156098,9519.703737548765,10489.723093558485,22824.40594733183,116.0
55066.98856791764,9696.642868594741,10884.949403548171,24351.419159939513,117.0
52973.65125777001,9836.064990183551,11256.996233673559,25933.287518372934,118.0
50895.947177997274,9935.898957231355,11601.750077706613,27566.40378706481,119.0
48843.37698472812,9994.715787461899,11915.319444000634,29246.5877838094,120.0
46824.97114364294,10011.77426291579,12194.129668077236,30969.124925364085,121.0
44849.128405610354,9987.04236738349,12435.011311660759,32728.817915345455,122.0
42923.47848991199,9921.192763295474,12635.278385699929,34520.05036109266,123.0
41054.773297421714,9815.57318303073,12792.792905900546,36336.860613647055,124.0
39248.809498526905,9672.153764282439,12906.013011671981,38173.023725518724,125.0
37510.383517128714,9493.454504450327,12974.023005019237,40022.13897340177,126.0
35843.2779924695,9282.4574704963,12996.544266288285,41877.72027074597,127.0
34250.27734695819,9042.508405820774,12973.927350759475,43733.286896461614,128.0
32733.2088380369,8777.213334573247,12907.126115184343,45582.45171220556,129.0
31293.00462933233,8490.334796314368,12797.65604166337,47419.00453268999,130.0
29929.779903335293,8185.6924963923075,12647.539026592793,49236.988573679664,131.0
28642.922087418752,7867.071923930708,12459.237782303433,51030.768206347166,132.0
27431.186452343925,7538.143874911798,12235.582866397812,52795.086806346524,133.0
26292.7936209186,7202.396848137197,11979.695719090114,54525.11381185415,134.0
25225.52566087897,6863.083036632248,11694.910596513377,56216.48070597546,135.0
24226.81763407072,6523.17828497921,11384.698152988285,57865.30592796185,136.0
23293.842554529307,6185.355289554641,11052.593029666758,59468.20912624936,137.0
22423.58826807294,5851.969008136622,10702.127265450203,61022.315458340294,138.0
21612.925408799427,5525.052773790073,10336.770917323189,62525.250900087376,139.0
20858.66618043183,5206.323498677579,9959.88070738366,63975.12961350701,140.0
20157.614022106503,4897.194123899406,9574.657251605882,65370.534602388274,141.0
19506.60463047631,4598.791677886786,9184.11083236892,66710.49285926805,142.0
18902.53896793229,4311.979300340017,8791.035497091229,67994.44623463655,143.0
18342.40906448928,4037.3807893474122,8397.990979994627,69222.21916616875,144.0
17823.317433916138,3775.406489143778,8007.29174528349,70393.98433165667,145.0
17342.491016411874,3526.279408400612,7621.002355158579,71510.22722002902,146.0
16897.290446173654,3290.0608496377727,7240.938277979608,72571.71042620904,147.0
16485.215445584214,3066.674889124208,6868.671260803839,73579.43840448781,148.0
16103.907064194434,2855.9312579909865,6505.538422375048,74534.62325543961,149.0
15751.147388690539,2657.546371984279,6152.654203062638,75438.65203626262,150.0
15424.857296888662,2471.1623137272986,5810.924450642898,76293.05593874122,151.0
15123.092666889532,2296.363734390683,5481.062032716363,77099.4815660035,152.0
14844.039565286166,2132.692672268179,5163.603200894307,77859.66456155141,153.0
14586.008607457014,1979.6613843480307,4858.924445558483,78575.40556263653,154.0
14347.428840920667,1836.7632935593501,4567.259288685629,79248.5485768344,155.0
14126.841343494063,1703.482209507939,4288.714705745701,79880.96174125235,156.0
13922.892705873805,1579.299979393881,4023.286931180987,80474.52038355138,157.0
13734.328536855788,1463.702727185721,3770.87645657204,81031.0922793865,158.0
13559.98707907618,1356.1858542899374,3531.302067333961,81552.52499929999,159.0
13398.793034645863,1256.2579882010089,3304.3138222463645,82040.63515490683,160.0
