peak_infected,peak_day,total_attack_rate,final_susceptible_pct,R0
14012.9263784949,118.0,88.65241261222204,9.140455591154145,2.698685661204493
17823.89839021416,93.0,94.63483718154887,5.273859952784807,3.1092119425632103
19862.125468689534,101.0,94.37198913282809,5.205556715032384,3.1316851262029566
15078.296148533485,102.0,91.3566256407245,8.355990622568148,2.717024017434386
13549.682146616593,73.0,90.4513711088018,9.54800886973794,2.5967849086264136
9981.12620545201,126.0,80.40293565559085,16.053470741956982,2.275084988303611
7520.896256371584,143.0,63.030182058297335,26.006261459191784,2.1367903697915156
14453.600870841823,113.0,86.2196018075084,12.522606208666756,2.409689479805386
12886.724257037577,126.0,80.0533626095485,16.08914430682001,2.2822469101899268
14128.279373958669,105.0,90.52029845127583,9.080411731199636,2.6502792073382686
11647.252597819042,160.0,27.321489815488853,53.94046983164669,2.2593173551082413
11331.886521638065,154.0,46.459593329056574,38.100737276016176,2.0769156284176398
12667.04798710158,77.0,90.29656122696996,9.701761897184467,2.5835454380019023
14714.109109771982,132.0,79.83537638099698,12.761206270176201,2.5787444943476494
14547.074890041446,105.0,88.02642047698814,11.533087526734777,2.4537406870447036
9528.12862911848,149.0,55.817317026154,29.091509066649007,2.2120623166421165
11182.19192771712,94.0,90.80759018332526,9.117155232943299,2.6374473158273846
10702.181058787293,130.0,78.90926355049469,15.704932554002418,2.3459670878334733
19005.81635688513,107.0,92.31959449068768,6.796749700409345,2.9123998089983805
11792.548992869526,148.0,58.89674341877297,24.670001744243493,2.3763150496595142
12791.527794155452,120.0,83.10948051698254,14.683418471363971,2.308330304861884
3346.4173958845213,160.0,7.934631764108236,85.17945159687694,2.0215173503677315
13857.1965666528,145.0,64.7254164290939,20.199711347223456,2.4711959513678665
9755.63918703535,160.0,31.303890437548375,49.56782612852389,2.24195209815795
18305.891614636217,114.0,86.24774804036016,11.720344206372147,2.4856695843560193
16480.816622942184,106.0,92.00319250894623,7.408364803706034,2.8287610017500895
10727.365510600977,90.0,89.6943948280861,10.276694273448472,2.536704310614201
16832.554664403568,130.0,81.06414010398102,11.737168398612518,2.6428450286046985
9305.444125845916,150.0,54.41988435835049,30.589462391856493,2.176602558842725
13120.280322905259,115.0,88.97306537157249,9.619897342898453,2.6315004438638736
15633.905739041342,127.0,82.28107770944663,12.381242908555317,2.538831019739216
13606.353169198517,108.0,86.46651220321874,12.894805835612827,2.368935141360893
14684.942413199382,121.0,86.70171132334173,10.328642507355577,2.6184481108258306
11153.276114126507,103.0,87.60679406139704,12.148382559472674,2.406165146649941
11442.44699771386,118.0,84.77106380813365,13.491942911888986,2.362914193389292
16542.339698477874,142.0,68.82841814067984,16.00992746491333,2.6616203427258154
16927.142953526534,96.0,90.32157866700008,9.526441606063758,2.6030201562891055
11120.190934291184,152.0,54.499429136621224,25.750509688760413,2.4893944498203133
13140.703959705543,133.0,77.42201845190873,15.320344877733364,2.423055614087551
4153.888834001479,160.0,9.310646546428437,82.75782853864222,2.032528784952187
12708.704390885146,109.0,91.6083709000871,7.576795282858395,2.816412778817219
1405.0068681631558,160.0,3.6156993181339456,93.22746735603482,1.9392595748830876
9261.415427068645,145.0,59.99544336130055,28.303480274636055,2.1037854699477245
9605.512799535287,112.0,85.024816722887,14.16496237621219,2.2986097383535204
10784.142302468947,153.0,48.783609690044536,36.337925753322686,2.075078514509558
17024.381757797837,86.0,94.78344736445071,5.1962722572930415,3.1199737620070156
13535.441732769237,94.0,92.61868466940726,7.303148103107975,2.825406886947868
13890.043453162696,83.0,94.19095999882171,5.800256073599907,3.0228571017129715
16779.925934726543,115.0,88.12342233073663,10.079136412280219,2.6039531176993695
5518.114769731352,160.0,14.443007208910554,75.2164879637847,1.9718173547662894
15502.657687919855,116.0,88.12346892918625,10.11254032145267,2.600197140138351
15424.705678807715,115.0,88.2339497552114,10.14865110472267,2.5929014788644014
21547.064088971154,88.0,95.42047526067621,4.515500031381176,3.2463098044579026
12948.82191922727,105.0,91.6002295066023,7.9613024830668095,2.762621443453532
14219.231760857869,101.0,93.4554592291636,6.269304360089488,2.9634382316029617
13728.953645897676,146.0,64.54126903854744,17.904692755530295,2.665112370774599
12692.414090725617,108.0,87.0982504938099,12.34431310194075,2.401844753598852
10177.329902390247,151.0,53.37931155377379,31.339113828829827,2.1736758860138248
15254.965279081225,129.0,81.88431546939984,11.79205207299383,2.6106763197320078
13949.721508262697,119.0,91.24128763613665,6.0112861588300825,3.0814136308629267
15610.543761223089,89.0,92.00073281408268,7.963705890802246,2.7502669391060026
13779.352744686395,118.0,88.68921749635541,9.17763290884412,2.692988966097274
15963.943377599668,104.0,90.88309402047759,8.680209268328326,2.689295049829418
4510.44964569563,160.0,14.734129679401544,75.64767905416812,1.8940611101256541
12030.94345760161,103.0,89.9433011826259,9.772305975633074,2.5856374976520815
13142.885500249144,105.0,90.55595904667632,9.040279365377284,2.6541269518915347
11566.906642495624,109.0,88.64899732700937,10.679165279407037,2.5232834873784
15283.344039826825,138.0,75.55129736357824,12.767536626383944,2.7243138105472937
7217.08071845382,160.0,37.72392841874662,47.93981514256795,1.9489322528171635
12040.290528143954,158.0,46.357622061208325,28.529768668875043,2.7055143803648836
15483.38962867929,137.0,76.1452240438182,12.524005490950763,2.728356204277267
14056.36153957427,114.0,90.33050186919822,8.260917396723743,2.7605565005223194
10928.577108362058,136.0,71.72323655509317,20.775977063849123,2.1908699141849715
18174.48674788533,131.0,78.18242824549304,13.804505356641075,2.532749655754529
13390.684071481746,84.0,92.25662663443262,7.732995726918677,2.7745040761498054
18470.62792533977,94.0,93.44134748576187,6.437333869679339,2.9355802387869465
12231.104167271378,146.0,60.06397859616599,26.454245422316397,2.213878516296013
14988.861796820793,113.0,88.72810779121528,10.075771290398292,2.58658343583279
24358.63024566314,79.0,95.99743806767856,3.982746571898531,3.3575776357301303
12161.066301357047,119.0,87.19885175108074,10.592587732130886,2.574581725907771
10087.59482360671,151.0,52.68827885697437,31.657637622221387,2.18299170462692
14503.11593869828,89.0,92.85637125387937,7.114872999568149,2.8463020776680485
9509.42001087212,146.0,61.54049725617252,24.13254208564932,2.3100218755356177
11663.373717149412,107.0,90.50612266518522,8.988031270944385,2.661992684384382
23692.37340780783,88.0,95.87847306460166,4.032239717743332,3.3488624788050534
13622.053654576115,148.0,58.40855005886243,25.99957175766227,2.306306370853499
16993.16324994376,115.0,88.99787043285369,9.227770566485313,2.6775277712584913
9740.956176672566,73.0,88.94688136791294,11.052609262496537,2.47618985757528
9388.84600683002,128.0,80.89995581594407,14.359220745838593,2.398972739442736
7286.21933226828,160.0,28.274919097419193,57.976382693960346,1.9279434488157468
13304.320706594332,91.0,94.47628518873117,5.4662260166494985,3.0765093156264465
11584.835463744865,114.0,87.69629008772911,11.124649676293034,2.5040932244078347
13150.469808285827,112.0,88.96624767333333,10.076093436951686,2.579623878229388
11586.746551220698,144.0,65.2101452247552,21.65880293257015,2.345874561255296
12929.73501791907,99.0,94.58411381503355,5.15779605987863,3.134406726458141
1178.7273406193724,160.0,3.668344629669847,93.88731566372165,1.7191648801909993
13705.3652824631,107.0,89.92504555503943,9.54446322831873,2.6123967470940133
10264.794809882205,137.0,72.04385874155534,19.03224187542612,2.302799626136467
12525.393080796575,116.0,88.89060198271609,9.544392717268627,2.642806194386019
14652.060184730068,135.0,77.2191490676515,13.194021908568784,2.6229198083506438
9302.536615795361,148.0,57.68486802051328,28.62614179161213,2.168401995631171
15137.9999929206,113.0,90.44097662023835,8.358891629663583,2.744148106173386
15450.679938551026,99.0,93.88050884445379,5.920116701621246,3.01106595831537
11399.738905580223,138.0,72.78932633055506,17.18946829565965,2.419122939026442
15472.79266429474,131.0,82.67357719611223,9.634595000127602,2.830166539595212
14600.277831305713,130.0,80.57787528846754,13.249284089227517,2.508401536653104
14160.163610742075,116.0,88.53652943129094,9.746855208717067,2.6296665409953768
11743.227169673977,120.0,88.26924731777261,8.91997151142972,2.7380628101747653
7691.708660939852,147.0,57.65683001483012,29.837157937022763,2.097593047400119
15901.302535541316,123.0,87.82045640043177,8.42793739522073,2.8166650775851743
12068.248243887754,112.0,87.97522625164706,11.134954060313259,2.4951012908612342
12060.305755660325,157.0,44.3260357244511,37.228435663337436,2.229135315395155
9837.354327046229,148.0,57.6828489574846,28.60430065958938,2.1698011212829953
10291.772169535101,128.0,78.9698752459055,16.593023575091152,2.27451017887841
14098.12718519307,107.0,89.78914397053303,9.703146753016268,2.597986628443489
13904.910188466554,84.0,90.3949742822138,9.596334844060866,2.5928199749430547
10410.444414197817,144.0,62.39064098615616,25.145801330570166,2.2126223114990258
19216.12889697816,107.0,93.65953418346822,5.53420057416471,3.090142486779821
11994.901441497124,109.0,88.27734034806885,11.077782076087464,2.4923935168389244
13708.699614630848,126.0,81.35731685718007,14.37032375245509,2.3845365444319446
16946.011048525754,132.0,80.34971063615099,11.353204645809628,2.707738605696469
16037.360152691952,120.0,87.23498600272302,9.81696754993886,2.6606846888395768
14035.2831593195,120.0,86.83669074650504,10.55294666911854,2.589636992724167
10300.197108841805,153.0,50.37019387429134,33.17020199413908,2.1907960864578135
16377.429401160518,129.0,85.50944692419378,7.178411118872545,3.080457443118017
11203.2695707472,160.0,35.64386054572843,45.76266587277754,2.19306097484478
19424.73412298331,75.0,96.09784374654903,3.899985112952712,3.375921173287069
8941.33029966927,97.0,85.3950412409583,14.512709799440016,2.260242941822391
10599.79289680494,153.0,50.838049868667,32.73943194920473,2.1963469353785205
21117.4434503274,99.0,95.13604775904263,4.539392001711079,3.2504683356863544
11913.976490610357,141.0,64.84072489238156,24.957078613348873,2.140634131460657
21109.43776799263,103.0,94.76582731280243,4.672880579117619,3.2325835063417414
1421.0223657619233,160.0,3.2862892270101876,94.20962747530443,1.814746188363649
14980.248224702838,77.0,94.01223560636127,5.9857089820295215,2.995126524789385
14008.447097065222,119.0,86.02576049944847,11.619814605775076,2.502097479887273
13847.217182606768,96.0,91.90862379333541,7.992179377703357,2.7491399729389996
13635.154755277925,136.0,75.49924186321432,14.60479990500884,2.5481182526847594
6871.460455333128,146.0,57.297719422393335,30.891309715488983,2.050143163264852
11724.377343178465,122.0,86.86321033890748,10.156526274767623,2.632925604791837
14998.201972376623,139.0,72.54292740769061,15.768613641614495,2.5462698537171433
22091.143800160942,108.0,94.52774751435881,4.317925307866539,3.324299169952795
15585.325829407313,127.0,86.20788909894893,8.289043970246869,2.8886283803817423
6889.451949916221,160.0,17.62863272811218,68.88824076093633,2.114030615767958
7443.316955144707,133.0,64.4363656030684,31.423567569936743,1.7965042054307543
11870.806103889676,159.0,42.706289656292654,36.000196849251154,2.392237266222177
16994.345285618536,128.0,80.75157012998362,12.967391435191264,2.5296379121679102
2820.5328173841954,160.0,8.214314446786517,86.12250861192891,1.8186470242579382
10088.96137230431,92.0,89.0330570355142,10.924166191207057,2.4869221007623628
5051.984929653821,160.0,12.658265834613328,77.84758101438236,1.9782121997980586
10583.825708278,129.0,75.82636090585129,19.976804216741478,2.1240480854690578
15371.456190272067,128.0,81.29785950411103,13.371109800149606,2.4749283610907313
15329.27018377648,98.0,91.3576620522705,8.474185861410346,2.7016186062071377
12314.980600557557,105.0,88.20899138242598,11.446678044038535,2.457187856018177
3619.8540809684464,160.0,7.112697627812628,86.61069611229698,2.0208488429644604
11285.469410180915,146.0,60.625775325863806,26.02874231452294,2.2201097968029657
12576.233415472507,148.0,60.193920940103936,23.41826475834107,2.411612160186711
11220.812295573702,125.0,80.77322449859501,15.756149496187783,2.287799540955789
520.1363907473467,160.0,2.4784724731423458,96.16056700995226,1.5792315341057659
16883.608730303033,99.0,94.77500723371506,5.013717597680652,3.1579870854005136
14464.97590135873,160.0,27.677227413929366,48.3647544732173,2.6245000618174146
13838.629169024744,94.0,88.46406961050542,11.459543725169544,2.4488329634076935
14987.549151428479,93.0,90.17576436823634,9.751061213909711,2.581385454346889
8532.791995582706,143.0,64.665837765436,23.470843258680546,2.2413708463029893
14320.775822027814,121.0,89.02724484797994,7.889393370972253,2.85265590277978
10924.698408713364,125.0,84.14561941197944,11.887398440255586,2.5309473230590473
13742.830680772871,97.0,91.55807452639037,8.321496127780831,2.7155640174738633
8028.796786223038,136.0,70.93705773322199,21.762512499147103,2.149752698646097
15092.380919501657,82.0,95.57181482694097,4.419025369264159,3.2637666561880523
11229.27162314938,126.0,79.41198169445208,16.886861641150674,2.2397429723512694
11188.471308487658,139.0,67.57774730306855,23.31886506007218,2.1544036921280734
14511.731586979262,115.0,88.5961903619504,9.918578737059324,2.6081827303119356
9017.256354474981,150.0,53.52725088531236,31.858252882720816,2.1369745351833607
13365.747002770491,101.0,91.25843725887711,8.5066445820586,2.7003668750497525
12073.077675125081,92.0,92.4371709856723,7.511284673646994,2.800554849348716
12391.103493610814,142.0,65.42112938290131,23.173985079410297,2.2349504964216615
5373.082927300578,160.0,35.20848449989608,53.470854518485766,1.7780471597341925
12208.496919234869,112.0,89.23846277356294,9.791255212048554,2.603889000688593
7611.896410567326,160.0,27.952266053154908,59.86706603207564,1.8353919750924161
12066.316842264256,132.0,75.65571092263656,18.37567751361127,2.239265556879136
13677.82708446756,142.0,66.13794584490888,21.188241598029578,2.34617778230807
13404.080181715213,98.0,92.60263190736113,7.246693165176292,2.8342768448260567
13277.594146789046,62.0,94.54608938159278,5.453890537177991,3.07662744826316
14473.94010263013,113.0,90.22633756023423,8.509926635961548,2.730828850872216
11562.552986031847,140.0,68.36152860901608,21.354860532912927,2.2584059253136717
16825.334446407156,109.0,92.73584679362088,6.382647535804107,2.967112824663923
11907.317747078869,122.0,83.0871205857322,14.366065380999455,2.335249213551013
13728.142713647516,113.0,89.62205207333322,9.236864083831891,2.6577808569513186
21120.51065216929,98.0,95.57125079465006,4.147411141683557,3.3301603194581757
19986.306794659067,78.0,93.90564057811778,6.087978599882166,2.980485568865578
7977.552659079714,115.0,80.57836099459837,18.46027126398358,2.0967654756330383
14826.577820608225,151.0,55.14563480479451,25.089678681143056,2.507367351675821
16323.017115695751,114.0,85.72146909401627,12.644849076745391,2.4123597884764543
17025.676431312335,112.0,88.53544220548423,10.057646411799375,2.5942458232434262
17951.27716241475,103.0,93.20613271895252,6.350841300736194,2.9575016172827717
17662.17782803585,142.0,69.74640948084104,14.657657300699665,2.753112746442514
14705.603159148886,103.0,90.0464280831279,9.627215025865404,2.5992882345201345
14482.58158144662,97.0,92.59529921616915,7.262593013131761,2.832134326617698
11939.965272049565,148.0,58.09472217104784,26.14844282746263,2.3089370212939535
16130.29877526732,96.0,93.2876968348617,6.591684427580051,2.9150159777031597
9201.837797664986,151.0,52.67940099796522,32.93111355191634,2.108494513687077
13196.1356996987,105.0,91.96400626186643,7.595813253332959,2.802795446658141
15675.26677229845,122.0,89.8201820880951,6.505194921958143,3.0422551435219805
11276.485404488505,101.0,83.89386433029519,15.918440822963653,2.190484320358571
18843.262592420277,105.0,93.91745523637223,5.447763364368494,3.098417724595673
10214.329377330925,125.0,84.73966963089487,10.932834998500212,2.611987450527928
13169.394016253358,130.0,80.9254322639039,12.68214719355325,2.551688472790091
16285.134867189034,109.0,90.44196004926566,8.75913820410597,2.6924036926946853
15533.526586344766,153.0,53.312468668092706,23.850564982663418,2.6885873428543983
18806.393223123832,82.0,94.89302832293474,5.094213404368266,3.1372746506557587
11966.639492982418,140.0,70.63052869379673,17.724264137359324,2.4496852319601405
1386.2528089794396,160.0,3.1233397087005907,94.46423165610643,1.8230141481140723
12738.07987793588,99.0,86.52928383027395,13.325492584767087,2.329247572021032
18008.112964428175,96.0,92.55457660617068,7.290287346218703,2.8292682335847656
4491.1333186124775,160.0,13.978971469027163,75.80023353901854,1.9819684911745536
10729.441571366038,104.0,87.40259925300705,12.315406473136093,2.396163459454558
8093.454432256087,86.0,87.70060404315394,12.284240296488786,2.390910572100932
11662.323817023182,160.0,39.404070715689045,38.72391859880549,2.4076261879165286
18123.625589979325,90.0,93.63905142775974,6.310544440160264,2.950626011819103
20411.434383284824,87.0,96.65751417990538,3.299543409171562,3.5293439212999442
13727.901640454138,126.0,83.10586133169909,12.62316232956875,2.490349965155999
10863.56466046661,130.0,77.77255235510549,17.103908654465677,2.2705351972479053
10628.106334672444,128.0,79.28853067890338,16.367478151000043,2.282630091546494
17290.934425992647,118.0,83.85698741120221,13.386703987614037,2.398009113031658
21695.02794546735,97.0,93.2012049774377,6.476699453903236,2.9366027407689845
13501.577540663133,110.0,86.20827189994299,13.041328264819752,2.3629249623678605
8082.801715739926,148.0,57.80555163636896,28.215455268215518,2.18887332496365
16993.67460716703,129.0,84.29200631901985,8.867378323865111,2.8742713572589844
8506.018731028455,157.0,43.336194559088725,41.16014966490033,2.0483792915131085
7986.304521033497,160.0,21.781443619992626,64.52823824040121,2.011148876443222
12428.673167015433,150.0,55.93407724307031,26.8608349490998,2.350071676980161
14463.716759055256,137.0,71.54877374168157,18.536607677523705,2.355613533672368
16514.23309542582,116.0,89.51029375190063,8.5580515184287,2.7463742427777054
11485.42183291798,108.0,90.01119496378317,9.369482103478367,2.630453208896847
11107.793863108569,132.0,78.4267445499607,14.916927923705767,2.4260391454228043
11020.387969102421,100.0,84.5199595901237,15.337266807717622,2.2182625237828963
11260.891667238646,110.0,90.80177862961281,8.289657024257943,2.742403980538256
292.4200509706448,160.0,0.7772416838353174,98.71153344812907,1.667228236846511
11968.027594150924,122.0,84.60872916609273,12.461863304394996,2.461314755251843
14332.596725874257,142.0,67.85361503199879,18.523392743772423,2.484946119030061
13490.304997176298,115.0,88.13400821628437,10.473237389246286,2.560120704584751
13522.47890263588,79.0,90.74526331510654,9.251654398858996,2.6231207075568235
16197.770389425026,110.0,91.32044534782491,7.7729380682040885,2.797305637609086
14507.982167343878,122.0,84.83665268834255,11.917267281580623,2.507373573226157
11818.272701523747,137.0,70.48401938320687,21.380769141135296,2.188678109839075
10702.262015034114,101.0,90.88158746641345,8.888069486889783,2.663301102285789
14107.770071432162,128.0,84.20901849293632,10.388992628132025,2.689038992965217
22936.147603811856,89.0,94.9365174825732,4.949516393079851,3.1661897777850307
8205.195636371569,155.0,45.038893064526455,40.84199263288302,1.9881692133057194
13725.676931590027,105.0,91.06572395603672,8.499039050185168,2.7070636081876494
11610.947118945152,116.0,82.15417645621305,16.437038383251895,2.197846827058671
9606.486128433353,114.0,81.44353147149377,17.6341506168991,2.1307067015556385
12011.418090962858,115.0,91.27517679469234,6.9489835262689,2.9214567186431357
16382.267915087801,107.0,90.66316528536208,8.668346065199703,2.697327160352356
14554.728362823811,104.0,91.85502216562108,7.779380501853506,2.7801239517635965
18324.622187559067,95.0,96.53144360653619,3.331289491731408,3.5240338153075177
9261.77051713512,160.0,33.64747543594743,47.3995980105261,2.218729429949645
8572.210591096928,160.0,17.925430386005946,66.81843682431472,2.249213176884893
11198.432802536536,160.0,38.56676917949369,41.58589537139617,2.2750132896422928
13698.397338722873,83.0,92.02120525687918,7.970532036380074,2.7487239848868787
11871.071686000168,136.0,74.4112781155534,16.752557635728476,2.400992545779398
11534.689536211117,104.0,89.68765264381847,9.966390968639042,2.5710804003733014
14789.44085920194,130.0,83.04305851028786,10.23961553530627,2.744234298113529
16702.43834245421,113.0,91.02913657559061,7.582075045044548,2.8335688618195616
2551.34146432999,160.0,6.704329446025775,88.41967094088793,1.8356156265936034
13824.959088863954,89.0,90.55231093475643,9.421403239469006,2.6086315348781492
15633.557344096294,110.0,92.27378257776422,6.750401679111301,2.9212611413331615
12555.10588538445,134.0,77.6219770205928,14.236630418407902,2.5113273504521842
12206.367644615946,134.0,75.11766623478024,17.854843873832902,2.2935821087130503
11365.38233830555,133.0,76.32116031647922,16.941668856728484,2.3262015090270736
13838.041713176524,145.0,62.16551890326175,23.8091233636988,2.308500551334609
10860.393306822423,138.0,73.08995066189631,16.988645001202336,2.4252513423354563
17131.125472587475,117.0,87.24795188369391,10.541979981221424,2.57862191060463
15211.427113655,131.0,80.4484364510027,12.280518825474905,2.6068201063477034
14027.491830786543,110.0,92.31575095143153,6.711509862282039,2.9261921500261403
19829.821380763144,82.0,96.26948911911686,3.7179332936654346,3.4195592494477003
20571.200431178848,111.0,92.6413540562645,5.757781943395309,3.0813537908470803
13218.09778133739,114.0,85.05285897297844,13.760347270027731,2.331925273161657
9835.565299267213,123.0,78.95892298054856,18.565967135191748,2.132539221406321
12045.071500934066,145.0,64.25785353471952,20.239354469033515,2.4861260450452876
9914.926608780037,160.0,27.505990808824947,56.11220153536465,2.1006583837044834
15340.483589960682,122.0,84.54259858516029,12.284304482002176,2.4802145161390268
14266.683542030287,123.0,86.2518730281776,10.144474179302016,2.65296389847362
17533.29847149029,143.0,66.87338565542564,17.391381877571934,2.615667457563127
11463.343663707954,121.0,82.54040713103088,15.134316781366145,2.287601217999273
7988.0607550481245,160.0,18.566052873235545,65.91354165510134,2.245045149077393
10049.06545400223,131.0,77.1084753782902,17.348149231588874,2.2717014825002093
11930.94346247563,152.0,52.9239638719338,29.933086124885023,2.2791107822876113
720.3274710087586,160.0,1.6927358658938452,96.84432651233233,1.8937023540011073
10611.226789280281,138.0,70.89364221035851,20.218346199995192,2.2548845238062456
13212.848508909312,147.0,63.28924848646428,18.882940645022217,2.63378271599481
13541.227664072092,100.0,88.01735807410522,11.787314910298944,2.42922110900238
9014.324737019659,160.0,31.799498422518997,49.5580921823431,2.2076279840232322
11879.891529101595,141.0,67.33718847355826,21.352064160272526,2.2929554803855314
20679.101436780824,126.0,85.82756661141413,7.7794327048059,2.9753573093792336
12040.753039971716,160.0,37.9399463739687,41.718252858259895,2.304224222992711
20163.337582504697,97.0,95.18705430600221,4.582997729193856,3.2386829302944133
15658.35107656799,135.0,78.40573301535086,11.702166052534315,2.736261932276924
14985.98929172861,140.0,72.93048314041843,13.928194246129276,2.702909612442919
18682.835478092093,106.0,93.58971482330709,5.743069668675438,3.052863596415011
16189.88038476842,128.0,81.87811168338771,12.306859957231211,2.558685474573329
14010.372001580863,111.0,89.79961706446792,9.278898769337232,2.6474693235491604
17435.291322911868,104.0,93.55512371520483,5.97664400109232,3.0113807450429197
3564.734176815642,160.0,8.651636973891225,84.43054030437102,1.9560575436080323
18494.82701212667,89.0,95.99856318394757,3.953173590696519,3.365301889322184
16028.16999888506,139.0,72.50300289795504,15.184282525935316,2.599753473484302
14822.700318821535,128.0,82.81560435467537,11.499927608080794,2.6116086103081355
11111.576491829892,152.0,53.67757759674029,28.7625628283049,2.3214265541797885
10466.775347319784,148.0,55.19161322919267,31.56313984046944,2.089393880235576
14968.549803141956,79.0,93.89230356956291,6.1045224893616234,2.978018651569937
16434.641065754804,136.0,76.06058725543589,13.314872844648514,2.650884750025808
14538.164514569557,149.0,55.28134794441114,28.385975576378858,2.2779201893227206
651.8272025820194,160.0,1.9445008639712904,96.89713819074034,1.620477617351967
8862.769961358781,160.0,24.812807540041327,59.5132282230594,2.091506873147715
9111.29143387477,128.0,79.39323945929931,16.435856466523106,2.2743685477053086
13226.327729206807,127.0,84.98778645483434,9.57761777058627,2.7600804711834646
8574.193523858772,119.0,79.02631819310947,19.448338948087805,2.071966093469539
13817.304900400746,126.0,82.93322157968306,12.768127465816331,2.481765593457801
11029.296231813312,113.0,89.47025880667823,9.41599431192806,2.640822158605719
13949.914141439844,146.0,62.276574994983356,21.514136008543375,2.4671395286429725
15043.50098409154,127.0,84.54175428941669,10.351769246124018,2.6827012876615135
16779.683757616323,130.0,82.46619003992089,10.29330684450994,2.757089103947018
13796.068836843833,123.0,87.78505735724143,8.6847968904992,2.783601503035405
10963.015148801858,160.0,25.265861668275168,56.93283140568357,2.229443079176292
8322.341361539036,160.0,28.920049586267172,57.26395075951595,1.9276899591527807
15610.780980554984,95.0,92.68140669772387,7.217271005029642,2.8362574195954897
7622.727584931456,150.0,46.21311173518895,44.66180334291575,1.7441837076217874
1748.1540131571003,160.0,4.356646454012122,92.18948187757796,1.8664388706057107
13364.381535331819,101.0,90.95412273445464,8.81556275396172,2.6701830247139857
10269.732450958816,122.0,85.19226272686198,11.90050994384694,2.4985589843637728
15729.547922401569,105.0,92.36529066886729,7.184145842119186,2.8509449162302687
10933.51611981897,87.0,90.27458649273818,9.708956539111,2.583353123179021
10179.87656371516,122.0,81.15518029062785,16.40632435959407,2.2272063008008804
20460.351090015924,96.0,95.10406178806483,4.681832008354368,3.219074610739809
15802.701671477924,140.0,72.45698453056706,13.843074940296148,2.7290331125424636
11978.25200676962,121.0,86.14850957579337,11.369100467920411,2.5238521479680696
15007.490102730439,134.0,78.24708188628348,12.501226964308684,2.6573941541687
14062.732800540512,110.0,92.3867899143096,6.737110972934309,2.919821086127734
16952.77489550235,140.0,70.7662975320887,16.12013601093856,2.57903984187696
19779.822023339875,92.0,95.1194000967885,4.790715840360806,3.1943855212660996
10992.962215156967,137.0,72.76117806201614,18.670843551573903,2.3064456663782713
14252.861336597962,105.0,91.08115701047018,8.479482357247454,2.7091341952142
21229.507981242434,112.0,93.85423362714911,4.28259779673759,3.3569081434447456
13015.864602439364,132.0,79.65362991016961,13.486793879110573,2.51520139126728
11144.249843056685,127.0,75.62652229353279,20.571324799331393,2.0908829739206376
16092.667594728746,119.0,87.73717316967952,9.695133234606816,2.6596892490421116
18283.44053487303,70.0,94.86323732294127,5.136260641332752,3.129594705316013
13610.635306390464,152.0,55.3526321895643,23.846760603086985,2.589780727423989
12897.510537004835,153.0,51.74879754143784,30.157301782012798,2.316446294852424
13109.318537447942,149.0,58.16723946303498,24.31623427591847,2.430949080023672
796.5792119508106,160.0,1.8802842260841552,96.54501174906571,1.8694431372063
11186.634000406879,154.0,49.40838201613323,32.90362372736145,2.249774919396188
14356.786084735772,103.0,90.08881841398696,9.573554512065815,2.6042695063295627
14000.401956688373,148.0,60.30155638834431,22.28213112404803,2.489778371603422
16594.242245036246,108.0,85.78075004651448,13.300581233172418,2.351754267165558
14042.451444438093,78.0,93.7617135262379,6.235609976810204,2.959506280148841
7251.9815195962665,150.0,53.039935379900186,33.67348320362087,2.0521320421495424
12212.993619637478,141.0,67.47552821611129,20.999644767174917,2.312919519475243
16835.13503338596,101.0,91.0471036186911,8.630046034820527,2.6908163308892488
18217.911501312592,84.0,93.28831639477377,6.693869136792643,2.898506727778856
11533.83269976683,160.0,28.83258179146631,51.09671979856659,2.328753935613635
12168.69955058893,124.0,82.66871979146757,14.206970104898584,2.360539146236856
19179.78790049694,99.0,95.57116375488263,4.1452876474199565,3.330699193424336
17249.351554993085,105.0,92.73388947547593,6.717017142765062,2.9121133816127367
12711.008113051676,127.0,81.53089905685621,13.886567914450687,2.421460060366009
14829.622642908917,117.0,89.71379935814232,8.175987854644227,2.791051817454792
15903.89403848236,103.0,88.2556770158854,11.327835579023311,2.4677133679565673
15450.241194215647,120.0,89.24535637951111,7.743968801247529,2.8665310698809927
17.815629224183922,160.0,0.07981407142147423,99.89198796496777,1.3414978487225242
14118.390174381973,96.0,93.50278961779385,6.379678517488328,2.9432731266950065
6962.710010473056,160.0,26.546350616061936,57.59056669106588,2.0786337747305375
12152.903684546238,142.0,68.11577695198345,19.1867450644939,2.4237270396946613
14729.189253485178,119.0,88.21113818678714,9.25332618448384,2.6982727551890417
19516.658016283105,89.0,96.38791744289883,3.5566579667005667,3.46136623409531
16587.270297416166,129.0,84.48665564848619,8.481850867203446,2.920261758403045
11706.393749664316,111.0,90.88027974974094,8.174023575119241,2.755492088811674
10144.924272800385,156.0,44.473879340680114,40.335940863184305,2.0414618427925246
13232.122069581941,134.0,77.05883470608875,14.856820174163957,2.474344661362803
16039.056492576874,141.0,70.2515524038737,15.337625820976328,2.6687683016941137
12455.41172265484,159.0,43.53731779251538,35.13672673587556,2.4023373458837405
5172.865027998898,160.0,13.114315323274342,76.83799493967061,2.008956873945203
13875.274084433524,151.0,55.2074035369572,26.86128218985621,2.380974598656003
13582.076679853251,119.0,86.91672338483602,10.89804411959925,2.550230581388617
6875.804938635539,151.0,50.97364453323294,34.96486229212921,2.061489965241919
11805.76171004072,102.0,83.202456951662,16.559762899378207,2.161215460672669
8256.913668145036,138.0,70.64837369178787,20.481402318582766,2.244415300924199
12741.439050154357,116.0,90.90279177910354,7.137835930161783,2.9039268357370536
20433.309692657804,76.0,93.2581226810375,6.736070056227579,2.892706194796638
20057.763631081794,61.0,96.2707938299398,3.729174348823828,3.4163770290362967
17726.15538112951,148.0,62.399665105357236,16.27998313159927,2.9090281728038563
14944.455784520744,129.0,83.47165593481189,10.278836707105864,2.7255636480209438
16010.481878124241,114.0,90.67310439349573,7.87013272141828,2.803571435914706
12542.092474170888,111.0,87.78488318650008,11.387508633149558,2.474962748840191
6712.212995267179,160.0,22.890571129647906,65.88474322005094,1.8228172743218458
5813.238242473878,160.0,16.328670147768705,71.45186539991253,2.0585642731136917
14907.294704937613,77.0,93.06151961912647,6.936396612041864,2.867326642400925
14953.069269086194,92.0,93.07153292796353,6.8766787743401965,2.8763084751952865
13502.187281972794,101.0,91.47803805319334,8.305670470090917,2.7200208396098207
7775.4540676011675,160.0,35.14037153580644,50.10713963413661,1.9663898020327182
3578.375224644022,160.0,9.373532730697134,83.97757354310974,1.8628025065873324
13896.79849131466,129.0,83.37545123969477,10.345146809339676,2.720995981766859
13110.672277486627,116.0,87.69149678601136,10.68614757471558,2.550089801059163
15138.546527075461,114.0,89.90911852232242,8.688865954098631,2.717319211614555
11766.267906115358,114.0,83.07161337444136,15.825652163545511,2.2192033248772978
17154.914008172604,75.0,95.25261402586403,4.745694566894895,3.1998306972747756
11966.298120481002,155.0,46.72027084235828,35.56671156021899,2.212637093772321
15593.75373065008,96.0,93.89296106160731,5.9847787578498854,2.9990968290694937
12363.620751188584,160.0,29.361871662672822,52.94336770371242,2.165861178696097
14692.617078759435,130.0,81.45975017400252,11.79546062051822,2.623928284090811
12593.716050911744,127.0,81.75695164555212,13.760892179639375,2.4258849364489166
11340.256019075288,160.0,32.05230280367941,45.7274888968052,2.4411991993486044
9877.090447360133,115.0,84.18769841752379,14.705234769704619,2.2770032859968667
16235.947869063315,90.0,96.64308552552856,3.2931309975011063,3.5318837350617276
16409.902707178364,95.0,94.97235697946573,4.920993578483965,3.171080325630576
17778.19870647543,91.0,94.9210411544014,5.022148045980624,3.1513586492514154
10892.764662350455,115.0,83.97941886336119,14.895685548631707,2.2673276344205426
9624.072069172154,154.0,46.70771494555351,39.10057286848435,2.0104238932950973
11320.349186244326,99.0,90.19030701125943,9.641354821315524,2.5935143647162993
11692.409655085032,84.0,92.76861904909671,7.218472692092018,2.83341158464357
12794.613826435647,101.0,93.63834823351701,6.076165909811653,2.991067596989317
13789.328367859054,105.0,90.6980137154943,8.896812583262506,2.667607603746418
14615.20967628855,119.0,88.6253158240737,8.949518194189086,2.723330765008689
11663.91552533063,135.0,70.90298772252113,22.058533253311037,2.1317305627682535
12731.336464941793,105.0,88.17045615875921,11.47448860683033,2.45550957546052
17778.494468046894,120.0,89.85965402506942,6.782659057533862,2.994437270084175
7688.380252586052,160.0,27.86811891161365,56.27329128092522,2.0630748941309682
15733.160816451124,157.0,45.966034644878114,30.875181618783927,2.5566867654559617
13468.852083098209,117.0,87.85954447867599,10.393474868282503,2.5768196465960127
12718.491394881077,149.0,57.95901788822883,24.325684207946285,2.4390120654477823
11194.221846228367,99.0,83.87059761652854,15.99187645038953,2.18560421579682
16820.76346853043,76.0,91.58790559448728,8.409475463583343,2.7031965307650174
17197.942713487344,148.0,59.91852183914341,20.37003425938088,2.655431441812386
16242.907633492054,108.0,91.89426016410113,7.386054807076962,2.835396309780657
15416.280192102186,105.0,92.4483077939028,7.057453105686309,2.8676305931951074
12372.698334811485,118.0,88.2264686048075,9.835216175161275,2.6286791224784056
11300.33893795447,123.0,84.20517752570214,12.922381589068435,2.4300160973218365
10269.509006914794,151.0,52.38296822155966,32.58472595415747,2.140612807283585
17396.441971609882,109.0,92.386224925651,6.64734406750427,2.9343582263326313
16964.57946725326,131.0,82.2705978447971,9.769670549449078,2.8271065196801146
12927.829187482279,93.0,89.24880449003088,10.700005268824484,2.504141047937352
11848.503279758936,120.0,84.39839462377972,13.440092579758819,2.377910118258133
14282.977502587919,130.0,81.05555252290428,12.94104718144471,2.522659969958843
18044.094933875684,93.0,91.35717828405421,8.528803337072764,2.6946006575304806
11097.813689837252,133.0,72.56265347991786,21.407396887605472,2.1242658424724983
15714.671770286122,144.0,67.15648826889985,15.880493899624293,2.7399714919984817
13993.196330711,153.0,51.39921381199966,28.90639990074087,2.4146228516279167
11862.952026685809,119.0,84.39969644677454,13.585018485396331,2.365165611552784
12112.422957504248,139.0,71.00873571071045,18.91958396195697,2.3447292725835087
12712.135043787572,143.0,66.80173879032988,18.808385048076953,2.5012184080613657
18518.9392377761,63.0,93.16393174885673,6.836016038868004,2.8798216541765296
14169.892440232845,87.0,93.09203538931024,6.88915432963987,2.8737279644957097
6878.976981606479,133.0,70.9570785661773,23.649558288029972,2.031954789576256
19504.738339098265,75.0,92.52510109766217,7.47130011472649,2.803662064121059
13535.220268583756,126.0,79.75150150681077,16.209992784952597,2.2815022206990068
13336.01233237175,126.0,84.16476384050556,11.465142254437596,2.5733439679116623
11159.788860654337,119.0,86.85069834853694,10.939172715550924,2.547832147365661
13947.839331326933,117.0,86.00718203010958,12.299017234588188,2.436588170789212
11016.033682158843,119.0,83.85371049311843,14.26060545064822,2.322687099523396
18643.29307876111,66.0,95.17297056515902,4.826890100402106,3.1846833920569373
18445.99304883069,90.0,94.55051308473892,5.39243865205575,3.0884681309974433
13374.817051402682,113.0,91.72974853865888,6.891961376459088,2.9159618749584304
12415.607099891615,124.0,86.88448229332599,9.0019675872124,2.7711703485357075
11739.225882622932,157.0,45.59048101266565,35.72524227217255,2.2577140307986645
19291.957666243296,119.0,90.22669561368546,6.551444351557198,3.020696515759519
11840.19425165008,144.0,62.03449014440452,25.565645887132792,2.1986328518615266
19893.08165516645,91.0,95.69780765318022,4.229179507745162,3.3053548990106494
13266.769300527374,90.0,90.14002041519723,9.826387197371727,2.5738721223459633
17589.020687252865,85.0,93.89003197161495,6.092641842750562,2.98016556317777
15687.103530067527,136.0,77.05455711362988,12.346715722845019,2.7146611010109143
17517.656701956013,82.0,93.29667930467119,6.692794066139786,2.8984190743223266
17639.84154959075,92.0,94.60072803728131,5.322978224072465,3.1005334607821946
17528.248853585967,111.0,92.76204390523375,6.009160596452355,3.0312776567396233
16772.849225684076,91.0,95.98445045460204,3.952398662289733,3.3660009379604334
12379.292753214913,143.0,67.49798690674771,18.216311524043622,2.5228052499588336
14470.891693011201,132.0,81.32703535631268,11.098180674854072,2.7031343025158496
12354.649708928486,108.0,86.41695013873031,13.07744328106842,2.3540189081828458
758.9269708381698,160.0,1.7099365350240727,97.11163109892952,1.7134573642495994
12020.00423826417,129.0,80.6219150460019,14.310075620793578,2.411498550565691
17852.269634817745,113.0,90.81225794942146,7.679373705530507,2.826294885015719
13440.401442343784,129.0,80.1471455585657,14.22582337405302,2.4331513144854355
17783.255244958415,109.0,93.79185407859994,5.245340308939084,3.142938230407997
16690.93051539799,128.0,84.40058248465203,9.692528985572288,2.765152507466965
9139.280290591712,160.0,30.462002984048485,54.68702638981577,1.9812672208176614
10994.619047194867,160.0,36.943859732809216,42.934695931238494,2.288553327300097
12164.806842671143,147.0,62.70909890414688,20.74068041855693,2.5085086306944246
16139.19244483507,160.0,41.69703613638563,33.87168831482351,2.5963012717954275
1331.9963672140036,160.0,3.4201422187968116,94.04231747753873,1.7956948963376729
18407.643464999688,108.0,93.1424639043024,6.025952550428782,3.0159011016330983
9499.167468489122,148.0,54.580366864044585,33.37948857862223,2.0102807054842535
9586.137360513347,160.0,27.798696215375955,53.23648465916041,2.267790620078111
12281.566825312888,103.0,90.72226888623183,8.969962100454735,2.6578686119291923
16171.871042960138,94.0,93.79653379103615,6.118318472690035,2.9786525946582607
11703.451885550172,119.0,86.49127742704219,11.447789469751084,2.5058752778916786
14511.562257090332,123.0,83.94864828286897,12.769477004253538,2.4516207405568875
13009.878164573716,142.0,66.27530810824223,21.41835359983647,2.325016679870636
17322.605368833938,93.0,95.10701749207215,4.809048341601328,3.190785540493362
16738.41640987075,72.0,93.10923347478446,6.890185998445096,2.873036332749236
3535.0359156770783,160.0,7.925879167170353,86.08901997774254,1.889737474171962
18856.264184119216,82.0,96.66939122449834,3.3175518153779247,3.523279714267301
17995.105071082267,139.0,75.58218728434275,9.481867843038085,3.1168439810271504
17641.051079489393,120.0,90.00551813584177,6.8208474188672295,2.9833464922372572
